item,standard,size,qty_per_set,notes
Black-Oxide Alloy Steel Hex Drive Flat Head Screw,,,5,from the Onshape assembly
Hex socket head cap screw M3x0.50 x 8,ISO 4762,M3x8,16,from the Onshape assembly
Prevailing torque nut M3x0.5,,M3,4,from the Onshape assembly
Socket button head screw M3x0.5 x 12,ISO 7380,M3x12,4,from the Onshape assembly
Socket button head screw M3x0.5 x 20,ISO 7380,M3x20,4,from the Onshape assembly
Socket button head screw M3x0.5 x 6,ISO 7380,M3x6,8,from the Onshape assembly
Socket button head screw M3x0.5 x 8,ISO 7380,M3x8,10,from the Onshape assembly
m3 pressnut,,,10,from the Onshape assembly
softmount m2,,,8,from the Onshape assembly
